"Job Name","Working Title","Location","Organization Name","Department Description","Brief Description","Detailed Description","Job Requirements","Additional Details","How To Apply","Link"
"IRC37524...","Director, Marketing","New York, NY, US","0001 4008 Marketing Administration - Central Admin","","","","","","","https://careers.etrade.com/OA_HTML/OA.jsp?page=/oracle/apps/irc/candidateSelfService/webui/VisVacDispPG&OAHP=IRC_EXT_SITE_VISITOR_APPL&OASF=IRC_VIS_VAC_DISPLAY&akRegionApplicationId=821&transactionid=928581420&retainAM=N&addBreadCrumb=RP&p_svid=37524&p_spid=464564&oapc=6&oas=ieq5My57scypITVWT_deMg.."
"IRC37423...","Lead Analyst, Credit Risk","Arlington, VA, US","1010 2264 Credit - Central Admin","","","","","","","https://careers.etrade.com/OA_HTML/OA.jsp?page=/oracle/apps/irc/candidateSelfService/webui/VisVacDispPG&OAHP=IRC_EXT_SITE_VISITOR_APPL&OASF=IRC_VIS_VAC_DISPLAY&akRegionApplicationId=821&transactionid=928581420&retainAM=N&addBreadCrumb=RP&p_svid=37423&p_spid=460563&oapc=9&oas=9YwqUpeRl-h8669P5gBZjA.."
"IRC37483...","Lead Analyst, Credit Risk","Arlington, VA, US","1010 2264 Credit - Central Admin","","","","","","","https://careers.etrade.com/OA_HTML/OA.jsp?page=/oracle/apps/irc/candidateSelfService/webui/VisVacDispPG&OAHP=IRC_EXT_SITE_VISITOR_APPL&OASF=IRC_VIS_VAC_DISPLAY&akRegionApplicationId=821&transactionid=928581420&retainAM=N&addBreadCrumb=RP&p_svid=37483&p_spid=463563&oapc=12&oas=2u2Z-rhigc1JdTG2ftsGmw.."
"IRC37329...","Financial Analyst","New York, NY, US","0001 3163 Corp F P and A - Central Admin","","","","","","","https://careers.etrade.com/OA_HTML/OA.jsp?page=/oracle/apps/irc/candidateSelfService/webui/VisVacDispPG&OAHP=IRC_EXT_SITE_VISITOR_APPL&OASF=IRC_VIS_VAC_DISPLAY&akRegionApplicationId=821&transactionid=928581420&retainAM=N&addBreadCrumb=RP&p_svid=37329&p_spid=457569&oapc=15&oas=A2bZRGWRS6L4fTSkseUqiA.."
"IRC37344...","Lead Credit Analyst - Data Management and Reporting","Arlington, VA, US","1010 2277 Home Equity Loss Mitigation - BSM Institutional Admin","","","","","","","https://careers.etrade.com/OA_HTML/OA.jsp?page=/oracle/apps/irc/candidateSelfService/webui/VisVacDispPG&OAHP=IRC_EXT_SITE_VISITOR_APPL&OASF=IRC_VIS_VAC_DISPLAY&akRegionApplicationId=821&transactionid=928581420&retainAM=N&addBreadCrumb=RP&p_svid=37344&p_spid=458564&oapc=18&oas=kMsQ8qNtB61290Fw_B0rVg.."
"IRC37325...","Senior Curriculum Developer","Alpharetta, GA, US","0001 3200 HR Admin - Central Admin","","","","","","","https://careers.etrade.com/OA_HTML/OA.jsp?page=/oracle/apps/irc/candidateSelfService/webui/VisVacDispPG&OAHP=IRC_EXT_SITE_VISITOR_APPL&OASF=IRC_VIS_VAC_DISPLAY&akRegionApplicationId=821&transactionid=928581420&retainAM=N&addBreadCrumb=RP&p_svid=37325&p_spid=457565&oapc=21&oas=tOBIMz7VmW1yml_TIZXLgw.."
"IRC37248...","Product Manager, Marketing Projects","Jersey City, NJ, US","0014 4012 Product Management - Retail On-line","","","","","","","https://careers.etrade.com/OA_HTML/OA.jsp?page=/oracle/apps/irc/candidateSelfService/webui/VisVacDispPG&OAHP=IRC_EXT_SITE_VISITOR_APPL&OASF=IRC_VIS_VAC_DISPLAY&akRegionApplicationId=821&transactionid=928581420&retainAM=N&addBreadCrumb=RP&p_svid=37248&p_spid=452568&oapc=24&oas=Ght-OGRb-VGBaljPfJL8GA.."
"IRC37444...","VP, Bank Products","Arlington, VA, US","1010 3454 Executive Admin - BSM Institutional Admin","","","","","","","https://careers.etrade.com/OA_HTML/OA.jsp?page=/oracle/apps/irc/candidateSelfService/webui/VisVacDispPG&OAHP=IRC_EXT_SITE_VISITOR_APPL&OASF=IRC_VIS_VAC_DISPLAY&akRegionApplicationId=821&transactionid=928581420&retainAM=N&addBreadCrumb=RP&p_svid=37444&p_spid=461564&oapc=27&oas=465NF6jIYd8hhfIpuqUfmQ.."
"IRC36644...","Senior Network Engineer","Alpharetta, GA, US","0001 2020 Network/Telecom Operations - Shared Services","","","","","","","https://careers.etrade.com/OA_HTML/OA.jsp?page=/oracle/apps/irc/candidateSelfService/webui/VisVacDispPG&OAHP=IRC_EXT_SITE_VISITOR_APPL&OASF=IRC_VIS_VAC_DISPLAY&akRegionApplicationId=821&transactionid=928581420&retainAM=N&addBreadCrumb=RP&p_svid=36644&p_spid=422565&oapc=30&oas=VEunsGk7ZMEgM0KAGmgm5g.."
"IRC37244...","Busiiness Analyst","Jersey City, NJ, US","1056 2255 Stock Record - Shared Services","","","","","","","https://careers.etrade.com/OA_HTML/OA.jsp?page=/oracle/apps/irc/candidateSelfService/webui/VisVacDispPG&OAHP=IRC_EXT_SITE_VISITOR_APPL&OASF=IRC_VIS_VAC_DISPLAY&akRegionApplicationId=821&transactionid=928581420&retainAM=N&addBreadCrumb=RP&p_svid=37244&p_spid=452564&oapc=33&oas=o5CpZ8ALK8wMuo7K0mM5sQ.."
"IRC37283...","Product Manager, Customer-Facing Fraud Prevention","Jersey City, NJ, US","0014 4012 Product Management - Retail On-line","","","","","","","https://careers.etrade.com/OA_HTML/OA.jsp?page=/oracle/apps/irc/candidateSelfService/webui/VisVacDispPG&OAHP=IRC_EXT_SITE_VISITOR_APPL&OASF=IRC_VIS_VAC_DISPLAY&akRegionApplicationId=821&transactionid=928581420&retainAM=N&addBreadCrumb=RP&p_svid=37283&p_spid=455563&oapc=37&oas=S75q1If_Ah7gJdaeSudGrg.."
"IRC37045...","Consultant","Alpharetta, GA, US","0040 2357 Consulting - Corporate Services","","","","","","","https://careers.etrade.com/OA_HTML/OA.jsp?page=/oracle/apps/irc/candidateSelfService/webui/VisVacDispPG&OAHP=IRC_EXT_SITE_VISITOR_APPL&OASF=IRC_VIS_VAC_DISPLAY&akRegionApplicationId=821&transactionid=928581420&retainAM=N&addBreadCrumb=RP&p_svid=37045&p_spid=440565&oapc=40&oas=-s3TWtaa6b1-SILx0F9RFw.."
"IRC37149...","Senior Operations Analyst - Corporate Actions","Jersey City, NJ, US","1056 2200 Global Trading Operations - Shared Services","","","","","","","https://careers.etrade.com/OA_HTML/OA.jsp?page=/oracle/apps/irc/candidateSelfService/webui/VisVacDispPG&OAHP=IRC_EXT_SITE_VISITOR_APPL&OASF=IRC_VIS_VAC_DISPLAY&akRegionApplicationId=821&transactionid=928581420&retainAM=N&addBreadCrumb=RP&p_svid=37149&p_spid=446569&oapc=43&oas=0pqW3TxJafsNcapg1NsAXg.."
"IRC37150...","Director, IT Architecture","Menlo Park, CA, US","0001 2009 Data Service Infrastructure - Tech","","","","","","","https://careers.etrade.com/OA_HTML/OA.jsp?page=/oracle/apps/irc/candidateSelfService/webui/VisVacDispPG&OAHP=IRC_EXT_SITE_VISITOR_APPL&OASF=IRC_VIS_VAC_DISPLAY&akRegionApplicationId=821&transactionid=928581420&retainAM=N&addBreadCrumb=RP&p_svid=37150&p_spid=446570&oapc=46&oas=aCSSGKm8f1rDKjkvW3cc6g.."
"IRC37204...","QA Engineer","Jersey City, NJ, US","0001 5037 Software QA - Shared Services","","","","","","","https://careers.etrade.com/OA_HTML/OA.jsp?page=/oracle/apps/irc/candidateSelfService/webui/VisVacDispPG&OAHP=IRC_EXT_SITE_VISITOR_APPL&OASF=IRC_VIS_VAC_DISPLAY&akRegionApplicationId=821&transactionid=928581420&retainAM=N&addBreadCrumb=RP&p_svid=37204&p_spid=450564&oapc=49&oas=1EikyscJZ8JZ5DnUO8WA-g.."
"IRC36563...","Senior Staff, Systems Engineering","Alpharetta, GA, US","0001 2025 Enterprise/Cap Markets - Tech","","","","","","","https://careers.etrade.com/OA_HTML/OA.jsp?page=/oracle/apps/irc/candidateSelfService/webui/VisVacDispPG&OAHP=IRC_EXT_SITE_VISITOR_APPL&OASF=IRC_VIS_VAC_DISPLAY&akRegionApplicationId=821&transactionid=928581420&retainAM=N&addBreadCrumb=RP&p_svid=36563&p_spid=419566&oapc=52&oas=rXVWoatN43qn2hLD1y5x0w.."
"IRC36268...","Senior Staff, Software Engineering","Menlo Park, CA, US","0001 5008 Trading Systems - Tech","","","","","","","https://careers.etrade.com/OA_HTML/OA.jsp?page=/oracle/apps/irc/candidateSelfService/webui/VisVacDispPG&OAHP=IRC_EXT_SITE_VISITOR_APPL&OASF=IRC_VIS_VAC_DISPLAY&akRegionApplicationId=821&transactionid=928581420&retainAM=N&addBreadCrumb=RP&p_svid=36268&p_spid=410568&oapc=55&oas=GRt31hNqEYWFvBsBNXFgag.."
"IRC35704...","ETL Developer","Alpharetta, GA, US","0001 5039 Business Intelligence Systems - Tech","","","","","","","https://careers.etrade.com/OA_HTML/OA.jsp?page=/oracle/apps/irc/candidateSelfService/webui/VisVacDispPG&OAHP=IRC_EXT_SITE_VISITOR_APPL&OASF=IRC_VIS_VAC_DISPLAY&akRegionApplicationId=821&transactionid=928581420&retainAM=N&addBreadCrumb=RP&p_svid=35704&p_spid=390564&oapc=58&oas=0F-jbYd0IbXR94IYZMJPGg.."
"IRC35706...","Senior ETL Architect","Alpharetta, GA, US","0001 5039 Business Intelligence Systems - Tech","","","","","","","https://careers.etrade.com/OA_HTML/OA.jsp?page=/oracle/apps/irc/candidateSelfService/webui/VisVacDispPG&OAHP=IRC_EXT_SITE_VISITOR_APPL&OASF=IRC_VIS_VAC_DISPLAY&akRegionApplicationId=821&transactionid=928581420&retainAM=N&addBreadCrumb=RP&p_svid=35706&p_spid=390566&oapc=61&oas=DZMlX8XzSqagITtfvyzf4A.."
"IRC37143...","Senior Manager – Campaign Reporting &amp; Analysis","Jersey City, NJ, US","0001 4052 Campaign Execution - Central Admin","","","","","","","https://careers.etrade.com/OA_HTML/OA.jsp?page=/oracle/apps/irc/candidateSelfService/webui/VisVacDispPG&OAHP=IRC_EXT_SITE_VISITOR_APPL&OASF=IRC_VIS_VAC_DISPLAY&akRegionApplicationId=821&transactionid=928581420&retainAM=N&addBreadCrumb=RP&p_svid=37143&p_spid=446563&oapc=64&oas=2l-zp6xeodFUAXRDbOQpAw.."
"IRC37004...","Active Trader Consultant","King Of Prussia, PA, US","0014 4034 PET Active Trader - 0103","","","","","","","https://careers.etrade.com/OA_HTML/OA.jsp?page=/oracle/apps/irc/candidateSelfService/webui/VisVacDispPG&OAHP=IRC_EXT_SITE_VISITOR_APPL&OASF=IRC_VIS_VAC_DISPLAY&akRegionApplicationId=821&transactionid=928581420&retainAM=N&addBreadCrumb=RP&p_svid=37004&p_spid=441563&oapc=68&oas=7vYDx54Eyua9LFUR2MpqXA.."
"IRC37144...","Analyst – Campaign Reporting &amp; Analysis","Jersey City, NJ, US","0001 4052 Campaign Execution - Central Admin","","","","","","","https://careers.etrade.com/OA_HTML/OA.jsp?page=/oracle/apps/irc/candidateSelfService/webui/VisVacDispPG&OAHP=IRC_EXT_SITE_VISITOR_APPL&OASF=IRC_VIS_VAC_DISPLAY&akRegionApplicationId=821&transactionid=928581420&retainAM=N&addBreadCrumb=RP&p_svid=37144&p_spid=446564&oapc=71&oas=kOI7LkEgwPVnQd_qSnkO-w.."
"IRC37145...","Analyst – Campaign Reporting &amp; Analysis","Jersey City, NJ, US","0001 4052 Campaign Execution - Central Admin","","","","","","","https://careers.etrade.com/OA_HTML/OA.jsp?page=/oracle/apps/irc/candidateSelfService/webui/VisVacDispPG&OAHP=IRC_EXT_SITE_VISITOR_APPL&OASF=IRC_VIS_VAC_DISPLAY&akRegionApplicationId=821&transactionid=928581420&retainAM=N&addBreadCrumb=RP&p_svid=37145&p_spid=446565&oapc=74&oas=RUb370XkpnLAeHbu5AqTMw.."
"IRC37147...","Financial Consultant","Boston, MA, US","0013 4024 E*Trade Center - 0103","","","","","","","https://careers.etrade.com/OA_HTML/OA.jsp?page=/oracle/apps/irc/candidateSelfService/webui/VisVacDispPG&OAHP=IRC_EXT_SITE_VISITOR_APPL&OASF=IRC_VIS_VAC_DISPLAY&akRegionApplicationId=821&transactionid=928581420&retainAM=N&addBreadCrumb=RP&p_svid=37147&p_spid=446567&oapc=77&oas=4BiOj0GwjnKq3SmJ-waT7w.."
"IRC37163...","Branch Operations Manager","New York, NY, US","0013 4024 E*Trade Center - 0103","","","","","","","https://careers.etrade.com/OA_HTML/OA.jsp?page=/oracle/apps/irc/candidateSelfService/webui/VisVacDispPG&OAHP=IRC_EXT_SITE_VISITOR_APPL&OASF=IRC_VIS_VAC_DISPLAY&akRegionApplicationId=821&transactionid=928581420&retainAM=N&addBreadCrumb=RP&p_svid=37163&p_spid=447563&oapc=80&oas=6HAuUJbike8Ocmo_65DDQA.."
"IRC37105...","Financial Consultant","Charlotte, NC, US","0013 4024 E*Trade Center - 0103","","","","","","","https://careers.etrade.com/OA_HTML/OA.jsp?page=/oracle/apps/irc/candidateSelfService/webui/VisVacDispPG&OAHP=IRC_EXT_SITE_VISITOR_APPL&OASF=IRC_VIS_VAC_DISPLAY&akRegionApplicationId=821&transactionid=928581420&retainAM=N&addBreadCrumb=RP&p_svid=37105&p_spid=444565&oapc=83&oas=fgQHG9pMIDKX3NwerxV1nA.."
"IRC37043...","Client Consultant","Sandy, UT, US","0014 4032 Relationship Management Call Centers - 0103","","","","","","","https://careers.etrade.com/OA_HTML/OA.jsp?page=/oracle/apps/irc/candidateSelfService/webui/VisVacDispPG&OAHP=IRC_EXT_SITE_VISITOR_APPL&OASF=IRC_VIS_VAC_DISPLAY&akRegionApplicationId=821&transactionid=928581420&retainAM=N&addBreadCrumb=RP&p_svid=37043&p_spid=440563&oapc=86&oas=SkaMJFraoHR-PX_q2XzSAQ.."
"IRC36203...","Senior Staff, Systems Engineering","Alpharetta, GA, US","0001 2012 System Engineering - Shared Services","","","","","","","https://careers.etrade.com/OA_HTML/OA.jsp?page=/oracle/apps/irc/candidateSelfService/webui/VisVacDispPG&OAHP=IRC_EXT_SITE_VISITOR_APPL&OASF=IRC_VIS_VAC_DISPLAY&akRegionApplicationId=821&transactionid=928581420&retainAM=N&addBreadCrumb=RP&p_svid=36203&p_spid=407563&oapc=89&oas=V2ZGITnDgmvuo06EIFW4Zw.."
"IRC37084...","Financial Service Representative","Sandy, UT, US","0014 2050 Customer Service - 0103","","","","","","","https://careers.etrade.com/OA_HTML/OA.jsp?page=/oracle/apps/irc/candidateSelfService/webui/VisVacDispPG&OAHP=IRC_EXT_SITE_VISITOR_APPL&OASF=IRC_VIS_VAC_DISPLAY&akRegionApplicationId=821&transactionid=928581420&retainAM=N&addBreadCrumb=RP&p_svid=37084&p_spid=443564&oapc=92&oas=Owq_fWD-QZ0t5RPTfmu_2w.."
"IRC37066...","Financial Consultant","Roseville, CA, US","0013 4024 E*Trade Center - 0103","","","","","","","https://careers.etrade.com/OA_HTML/OA.jsp?page=/oracle/apps/irc/candidateSelfService/webui/VisVacDispPG&OAHP=IRC_EXT_SITE_VISITOR_APPL&OASF=IRC_VIS_VAC_DISPLAY&akRegionApplicationId=821&transactionid=928581420&retainAM=N&addBreadCrumb=RP&p_svid=37066&p_spid=442566&oapc=95&oas=PCZNNalwnwomTs-EpCLVsw.."
"IRC37083...","Financial Consultant","Atlanta, GA, US","0013 4024 E*Trade Center - 0103","","","","","","","https://careers.etrade.com/OA_HTML/OA.jsp?page=/oracle/apps/irc/candidateSelfService/webui/VisVacDispPG&OAHP=IRC_EXT_SITE_VISITOR_APPL&OASF=IRC_VIS_VAC_DISPLAY&akRegionApplicationId=821&transactionid=928581420&retainAM=N&addBreadCrumb=RP&p_svid=37083&p_spid=443563&oapc=99&oas=lHMuGK-l88NPusAyVF2mfg.."
"IRC36465...","Senior Project Manager","Jersey City, NJ, US","0001 5038 ES Project Management - Shared Services","","","","","","","https://careers.etrade.com/OA_HTML/OA.jsp?page=/oracle/apps/irc/candidateSelfService/webui/VisVacDispPG&OAHP=IRC_EXT_SITE_VISITOR_APPL&OASF=IRC_VIS_VAC_DISPLAY&akRegionApplicationId=821&transactionid=928581420&retainAM=N&addBreadCrumb=RP&p_svid=36465&p_spid=417565&oapc=102&oas=0QXNkodUBgfz8KKvjeeGtQ.."
"IRC36825...","Director Corporate Development","Arlington, VA, US","1010 2372 Portfolio Management","","","","","","","https://careers.etrade.com/OA_HTML/OA.jsp?page=/oracle/apps/irc/candidateSelfService/webui/VisVacDispPG&OAHP=IRC_EXT_SITE_VISITOR_APPL&OASF=IRC_VIS_VAC_DISPLAY&akRegionApplicationId=821&transactionid=928581420&retainAM=N&addBreadCrumb=RP&p_svid=36825&p_spid=428565&oapc=105&oas=Oo6WuMrWKcwNyZifoa3yCw.."
"IRC36983...","Financial Consultant","Tampa, FL, US","0013 4024 E*Trade Center - 0103","","","","","","","https://careers.etrade.com/OA_HTML/OA.jsp?page=/oracle/apps/irc/candidateSelfService/webui/VisVacDispPG&OAHP=IRC_EXT_SITE_VISITOR_APPL&OASF=IRC_VIS_VAC_DISPLAY&akRegionApplicationId=821&transactionid=928581420&retainAM=N&addBreadCrumb=RP&p_svid=36983&p_spid=437563&oapc=108&oas=L7E7i2L95Iinvit7fsKYqg.."
"IRC36503...","Senior Systems Engineer","Menlo Park, CA, US","0001 2012 System Engineering - Shared Services","","","","","","","https://careers.etrade.com/OA_HTML/OA.jsp?page=/oracle/apps/irc/candidateSelfService/webui/VisVacDispPG&OAHP=IRC_EXT_SITE_VISITOR_APPL&OASF=IRC_VIS_VAC_DISPLAY&akRegionApplicationId=821&transactionid=928581420&retainAM=N&addBreadCrumb=RP&p_svid=36503&p_spid=417567&oapc=111&oas=oK_U5Rx_x92amtFw1F_FJg.."
"IRC36324...","Marketing Manager - Offer Fulfillment","Jersey City, NJ, US","0001 4052 Campaign Execution - Central Admin","","","","","","","https://careers.etrade.com/OA_HTML/OA.jsp?page=/oracle/apps/irc/candidateSelfService/webui/VisVacDispPG&OAHP=IRC_EXT_SITE_VISITOR_APPL&OASF=IRC_VIS_VAC_DISPLAY&akRegionApplicationId=821&transactionid=928581420&retainAM=N&addBreadCrumb=RP&p_svid=36324&p_spid=413564&oapc=114&oas=zKMCVlP8S4nilNyUTbitfg.."
"IRC36224...","Technical Project Manager - Implementation","Alpharetta, GA, US","0040 4012 Product Management - BSG","","","","","","","https://careers.etrade.com/OA_HTML/OA.jsp?page=/oracle/apps/irc/candidateSelfService/webui/VisVacDispPG&OAHP=IRC_EXT_SITE_VISITOR_APPL&OASF=IRC_VIS_VAC_DISPLAY&akRegionApplicationId=821&transactionid=928581420&retainAM=N&addBreadCrumb=RP&p_svid=36224&p_spid=408564&oapc=117&oas=Sh_Rk2t0ZhbAiQuYVoG9Uw.."
"IRC36966...","(Senior) Equity Compensation Specialist -0 Large Market","Sandy, UT, US","0040 2354 Corporate Support - Corporate Services","","","","","","","https://careers.etrade.com/OA_HTML/OA.jsp?page=/oracle/apps/irc/candidateSelfService/webui/VisVacDispPG&OAHP=IRC_EXT_SITE_VISITOR_APPL&OASF=IRC_VIS_VAC_DISPLAY&akRegionApplicationId=821&transactionid=928581420&retainAM=N&addBreadCrumb=RP&p_svid=36966&p_spid=436566&oapc=120&oas=tvRen3MXD5olwuarFuwaoA.."
"IRC36863...","Staff Auditor","Arlington, VA, US","0001 3305 Internal Audit - Corp","","","","","","","https://careers.etrade.com/OA_HTML/OA.jsp?page=/oracle/apps/irc/candidateSelfService/webui/VisVacDispPG&OAHP=IRC_EXT_SITE_VISITOR_APPL&OASF=IRC_VIS_VAC_DISPLAY&akRegionApplicationId=821&transactionid=928581420&retainAM=N&addBreadCrumb=RP&p_svid=36863&p_spid=430563&oapc=123&oas=oll03BkzaphBo3iB_l8jdg.."
"IRC36824...","Manager, Treasury","Arlington, VA, US","1010 2372 Portfolio Management","","","","","","","https://careers.etrade.com/OA_HTML/OA.jsp?page=/oracle/apps/irc/candidateSelfService/webui/VisVacDispPG&OAHP=IRC_EXT_SITE_VISITOR_APPL&OASF=IRC_VIS_VAC_DISPLAY&akRegionApplicationId=821&transactionid=928581420&retainAM=N&addBreadCrumb=RP&p_svid=36824&p_spid=428564&oapc=126&oas=VOr2P50UxaKzSkd7OQKEKw.."
"IRC36826...","Lead Analyst, Treasury","Arlington, VA, US","0001 3164 Treasury - Treasury/Bank Risk Management","","","","","","","https://careers.etrade.com/OA_HTML/OA.jsp?page=/oracle/apps/irc/candidateSelfService/webui/VisVacDispPG&OAHP=IRC_EXT_SITE_VISITOR_APPL&OASF=IRC_VIS_VAC_DISPLAY&akRegionApplicationId=821&transactionid=928581420&retainAM=N&addBreadCrumb=RP&p_svid=36826&p_spid=428566&oapc=130&oas=nt7dzgkwQpLQX0D-3xccrw.."
"IRC35804...","Staff, Software Engineering","Arlington, VA, US","0001 5049 Banking Operations - Tech","","","","","","","https://careers.etrade.com/OA_HTML/OA.jsp?page=/oracle/apps/irc/candidateSelfService/webui/VisVacDispPG&OAHP=IRC_EXT_SITE_VISITOR_APPL&OASF=IRC_VIS_VAC_DISPLAY&akRegionApplicationId=821&transactionid=928581420&retainAM=N&addBreadCrumb=RP&p_svid=35804&p_spid=394564&oapc=133&oas=yya38CjctpmJY_eM1JGp2Q.."
"IRC36683...","Director, Investor Marketing","New York, NY, US","0001 4050 Segment Marketing - Central Admin","","","","","","","https://careers.etrade.com/OA_HTML/OA.jsp?page=/oracle/apps/irc/candidateSelfService/webui/VisVacDispPG&OAHP=IRC_EXT_SITE_VISITOR_APPL&OASF=IRC_VIS_VAC_DISPLAY&akRegionApplicationId=821&transactionid=928581420&retainAM=N&addBreadCrumb=RP&p_svid=36683&p_spid=423563&oapc=136&oas=Sc_M0Qgs71_HzIEdJoXXJQ.."
"IRC36624...","Senior Data Analyst","Jersey City, NJ, US","0001 3163 Corp F P and A - Central Admin","","","","","","","https://careers.etrade.com/OA_HTML/OA.jsp?page=/oracle/apps/irc/candidateSelfService/webui/VisVacDispPG&OAHP=IRC_EXT_SITE_VISITOR_APPL&OASF=IRC_VIS_VAC_DISPLAY&akRegionApplicationId=821&transactionid=928581420&retainAM=N&addBreadCrumb=RP&p_svid=36624&p_spid=421565&oapc=139&oas=Eh7KU5OCL6l_86LVBaF0Qw.."
"IRC36265...","Senior Manager of Software Engineering","Arlington, VA, US","0001 5049 Banking Operations - Tech","","","","","","","https://careers.etrade.com/OA_HTML/OA.jsp?page=/oracle/apps/irc/candidateSelfService/webui/VisVacDispPG&OAHP=IRC_EXT_SITE_VISITOR_APPL&OASF=IRC_VIS_VAC_DISPLAY&akRegionApplicationId=821&transactionid=928581420&retainAM=N&addBreadCrumb=RP&p_svid=36265&p_spid=410565&oapc=142&oas=7KjAphjsAALY-SQhY8XJ0Q.."
"IRC36323...","Brokerage Audit Manager","Jersey City, NJ, US","0001 3305 Internal Audit - Corp","","","","","","","https://careers.etrade.com/OA_HTML/OA.jsp?page=/oracle/apps/irc/candidateSelfService/webui/VisVacDispPG&OAHP=IRC_EXT_SITE_VISITOR_APPL&OASF=IRC_VIS_VAC_DISPLAY&akRegionApplicationId=821&transactionid=928581420&retainAM=N&addBreadCrumb=RP&p_svid=36323&p_spid=413563&oapc=145&oas=uXcKDoJRWunOjSGmR72B-Q.."
"IRC36363...","Corporate Services Operations, Supervisor","Jersey City, NJ, US","1056 2200 Global Trading Operations - Shared Services","","","","","","","https://careers.etrade.com/OA_HTML/OA.jsp?page=/oracle/apps/irc/candidateSelfService/webui/VisVacDispPG&OAHP=IRC_EXT_SITE_VISITOR_APPL&OASF=IRC_VIS_VAC_DISPLAY&akRegionApplicationId=821&transactionid=928581420&retainAM=N&addBreadCrumb=RP&p_svid=36363&p_spid=413567&oapc=148&oas=DMrRs-R6C1q_8AIG2zYs_Q.."
"IRC36625...","Branch Manager","Chicago, IL, US","0013 4024 E*Trade Center - 0103","","","","","","","https://careers.etrade.com/OA_HTML/OA.jsp?page=/oracle/apps/irc/candidateSelfService/webui/VisVacDispPG&OAHP=IRC_EXT_SITE_VISITOR_APPL&OASF=IRC_VIS_VAC_DISPLAY&akRegionApplicationId=821&transactionid=928581420&retainAM=N&addBreadCrumb=RP&p_svid=36625&p_spid=421566&oapc=151&oas=ocblY0wvmBg7mJgxGERfRA.."
"IRC36763...","Branch Manager","Boston, MA, US","0013 4024 E*Trade Center - 0103","","","","","","","https://careers.etrade.com/OA_HTML/OA.jsp?page=/oracle/apps/irc/candidateSelfService/webui/VisVacDispPG&OAHP=IRC_EXT_SITE_VISITOR_APPL&OASF=IRC_VIS_VAC_DISPLAY&akRegionApplicationId=821&transactionid=928581420&retainAM=N&addBreadCrumb=RP&p_svid=36763&p_spid=425563&oapc=154&oas=7Uro0P5BxjuuN0K8un_1Jw.."
"IRC36783...","Senior Staff, Systems Engineering","Menlo Park, CA, US","0001 2012 System Engineering - Shared Services","","","","","","","https://careers.etrade.com/OA_HTML/OA.jsp?page=/oracle/apps/irc/candidateSelfService/webui/VisVacDispPG&OAHP=IRC_EXT_SITE_VISITOR_APPL&OASF=IRC_VIS_VAC_DISPLAY&akRegionApplicationId=821&transactionid=928581420&retainAM=N&addBreadCrumb=RP&p_svid=36783&p_spid=426563&oapc=157&oas=XUMTG7rX_HdA31S-aYu9WA.."
"IRC35365...","Senior DBA - SQL Server 2008","Alpharetta, GA, US","0001 2009 Data Service Infrastructure - Tech","","","","","","","https://careers.etrade.com/OA_HTML/OA.jsp?page=/oracle/apps/irc/candidateSelfService/webui/VisVacDispPG&OAHP=IRC_EXT_SITE_VISITOR_APPL&OASF=IRC_VIS_VAC_DISPLAY&akRegionApplicationId=821&transactionid=928581420&retainAM=N&addBreadCrumb=RP&p_svid=35365&p_spid=378568&oapc=161&oas=fctwqrT3Cbvj2Lv699qizQ.."
"IRC36543...","Marketing Manager (Web Analytics)","Jersey City, NJ, US","0001 4051 Site Marketing - Central Admin","","","","","","","https://careers.etrade.com/OA_HTML/OA.jsp?page=/oracle/apps/irc/candidateSelfService/webui/VisVacDispPG&OAHP=IRC_EXT_SITE_VISITOR_APPL&OASF=IRC_VIS_VAC_DISPLAY&akRegionApplicationId=821&transactionid=928581420&retainAM=N&addBreadCrumb=RP&p_svid=36543&p_spid=420563&oapc=164&oas=lXaNGkzfeiGljD62Bbelfw.."
"IRC35663...","Senior Staff, Software Engineering","Alpharetta, GA, US","0001 5007 Enterprise Systems Development - Tech","","","","","","","https://careers.etrade.com/OA_HTML/OA.jsp?page=/oracle/apps/irc/candidateSelfService/webui/VisVacDispPG&OAHP=IRC_EXT_SITE_VISITOR_APPL&OASF=IRC_VIS_VAC_DISPLAY&akRegionApplicationId=821&transactionid=928581420&retainAM=N&addBreadCrumb=RP&p_svid=35663&p_spid=387563&oapc=167&oas=pet7kM1ImR84M9vf5YtDyg.."
"IRC36671...","Active Trader Consultant","Sandy, UT, US","0014 4034 PET Active Trader - 0103","","","","","","","https://careers.etrade.com/OA_HTML/OA.jsp?page=/oracle/apps/irc/candidateSelfService/webui/VisVacDispPG&OAHP=IRC_EXT_SITE_VISITOR_APPL&OASF=IRC_VIS_VAC_DISPLAY&akRegionApplicationId=821&transactionid=928581420&retainAM=N&addBreadCrumb=RP&p_svid=36671&p_spid=422574&oapc=170&oas=mE-GuT5IDXVruOGX7TTywA.."
"IRC36665...","Product Manager, Lending","Arlington, VA, US","1010 4047 Mortgage Lending Product Development - White Label Mortgage","","","","","","","https://careers.etrade.com/OA_HTML/OA.jsp?page=/oracle/apps/irc/candidateSelfService/webui/VisVacDispPG&OAHP=IRC_EXT_SITE_VISITOR_APPL&OASF=IRC_VIS_VAC_DISPLAY&akRegionApplicationId=821&transactionid=928581420&retainAM=N&addBreadCrumb=RP&p_svid=36665&p_spid=422568&oapc=173&oas=7Xo7y09wThDCVPmIohnijg.."
"IRC36666...","Manager, Lending Customer Experience","Arlington, VA, US","1010 4047 Mortgage Lending Product Development - White Label Mortgage","","","","","","","https://careers.etrade.com/OA_HTML/OA.jsp?page=/oracle/apps/irc/candidateSelfService/webui/VisVacDispPG&OAHP=IRC_EXT_SITE_VISITOR_APPL&OASF=IRC_VIS_VAC_DISPLAY&akRegionApplicationId=821&transactionid=928581420&retainAM=N&addBreadCrumb=RP&p_svid=36666&p_spid=422569&oapc=176&oas=uK7s_44LFi2Irtd8JwXMdA.."
"IRC35564...","Staff, Quality Assurance Engineer","Jersey City, NJ, US","0001 5037 Software QA - Shared Services","","","","","","","https://careers.etrade.com/OA_HTML/OA.jsp?page=/oracle/apps/irc/candidateSelfService/webui/VisVacDispPG&OAHP=IRC_EXT_SITE_VISITOR_APPL&OASF=IRC_VIS_VAC_DISPLAY&akRegionApplicationId=821&transactionid=928581420&retainAM=N&addBreadCrumb=RP&p_svid=35564&p_spid=385564&oapc=179&oas=CA9l4EdOdxgeDIUJ5zWVyA.."
"IRC36525...","Financial Consultant","Alpharetta, GA, US","0014 4032 Relationship Management Call Centers - 0103","","","","","","","https://careers.etrade.com/OA_HTML/OA.jsp?page=/oracle/apps/irc/candidateSelfService/webui/VisVacDispPG&OAHP=IRC_EXT_SITE_VISITOR_APPL&OASF=IRC_VIS_VAC_DISPLAY&akRegionApplicationId=821&transactionid=928581420&retainAM=N&addBreadCrumb=RP&p_svid=36525&p_spid=419565&oapc=182&oas=-rvdN6ZDwC60BuVgLJGe6A.."
"IRC36065...","Sr. Staff, QA Engineer","Jersey City, NJ, US","0001 5037 Software QA - Shared Services","","","","","","","https://careers.etrade.com/OA_HTML/OA.jsp?page=/oracle/apps/irc/candidateSelfService/webui/VisVacDispPG&OAHP=IRC_EXT_SITE_VISITOR_APPL&OASF=IRC_VIS_VAC_DISPLAY&akRegionApplicationId=821&transactionid=928581420&retainAM=N&addBreadCrumb=RP&p_svid=36065&p_spid=404565&oapc=185&oas=1WcLDP60Xqa3xQE0aBFsiA.."
"IRC36505...","Financial Consultant","Houston, TX, US","0013 4024 E*Trade Center - 0103","","","","","","","https://careers.etrade.com/OA_HTML/OA.jsp?page=/oracle/apps/irc/candidateSelfService/webui/VisVacDispPG&OAHP=IRC_EXT_SITE_VISITOR_APPL&OASF=IRC_VIS_VAC_DISPLAY&akRegionApplicationId=821&transactionid=928581420&retainAM=N&addBreadCrumb=RP&p_svid=36505&p_spid=417569&oapc=188&oas=fp_pfNv3pQQR4uQF7mTRow.."
"IRC36463...","Fraud Operations Analyst","Alpharetta, GA, US","0001 2351 Corporate - COS - Shared Services","","","","","","","https://careers.etrade.com/OA_HTML/OA.jsp?page=/oracle/apps/irc/candidateSelfService/webui/VisVacDispPG&OAHP=IRC_EXT_SITE_VISITOR_APPL&OASF=IRC_VIS_VAC_DISPLAY&akRegionApplicationId=821&transactionid=928581420&retainAM=N&addBreadCrumb=RP&p_svid=36463&p_spid=417563&oapc=192&oas=cactRWjTGQxPgz4Gj1VuJw.."
"IRC35743...","Senior Staff, QA Engineer","Jersey City, NJ, US","0001 5037 Software QA - Shared Services","","","","","","","https://careers.etrade.com/OA_HTML/OA.jsp?page=/oracle/apps/irc/candidateSelfService/webui/VisVacDispPG&OAHP=IRC_EXT_SITE_VISITOR_APPL&OASF=IRC_VIS_VAC_DISPLAY&akRegionApplicationId=821&transactionid=928581420&retainAM=N&addBreadCrumb=RP&p_svid=35743&p_spid=392563&oapc=195&oas=YZMo1ZqjhwCI0Yyaz4To0g.."
"IRC35674...","Senior Staff, QA Engineer","Menlo Park, CA, US","0001 5037 Software QA - Shared Services","","","","","","","https://careers.etrade.com/OA_HTML/OA.jsp?page=/oracle/apps/irc/candidateSelfService/webui/VisVacDispPG&OAHP=IRC_EXT_SITE_VISITOR_APPL&OASF=IRC_VIS_VAC_DISPLAY&akRegionApplicationId=821&transactionid=928581420&retainAM=N&addBreadCrumb=RP&p_svid=35674&p_spid=389570&oapc=198&oas=ZJIhUWeTI6ha5h8TrxefLQ.."
"IRC35673...","Senior Staff, QA Engineer","Menlo Park, CA, US","0001 5037 Software QA - Shared Services","","","","","","","https://careers.etrade.com/OA_HTML/OA.jsp?page=/oracle/apps/irc/candidateSelfService/webui/VisVacDispPG&OAHP=IRC_EXT_SITE_VISITOR_APPL&OASF=IRC_VIS_VAC_DISPLAY&akRegionApplicationId=821&transactionid=928581420&retainAM=N&addBreadCrumb=RP&p_svid=35673&p_spid=389569&oapc=201&oas=ZnLG32g2uEBpIYhvLLoUJQ.."
"IRC36064...","Staff, QA Engineer","Jersey City, NJ, US","0001 5037 Software QA - Shared Services","","","","","","","https://careers.etrade.com/OA_HTML/OA.jsp?page=/oracle/apps/irc/candidateSelfService/webui/VisVacDispPG&OAHP=IRC_EXT_SITE_VISITOR_APPL&OASF=IRC_VIS_VAC_DISPLAY&akRegionApplicationId=821&transactionid=928581420&retainAM=N&addBreadCrumb=RP&p_svid=36064&p_spid=404564&oapc=204&oas=SEo_65DveCEKO0ziXpXOqw.."
"IRC36423...","Financial Consultant","Alpharetta, GA, US","0014 4032 Relationship Management Call Centers - 0103","","","","","","","https://careers.etrade.com/OA_HTML/OA.jsp?page=/oracle/apps/irc/candidateSelfService/webui/VisVacDispPG&OAHP=IRC_EXT_SITE_VISITOR_APPL&OASF=IRC_VIS_VAC_DISPLAY&akRegionApplicationId=821&transactionid=928581420&retainAM=N&addBreadCrumb=RP&p_svid=36423&p_spid=415564&oapc=207&oas=TjBgeczWBsHlg1Zcj1X8-Q.."
"IRC36425...","Product Manager – E*TRADE Community","Jersey City, NJ, US","0014 4007 Wealth Mgmt - Product Mgmt - Retail On-line","","","","","","","https://careers.etrade.com/OA_HTML/OA.jsp?page=/oracle/apps/irc/candidateSelfService/webui/VisVacDispPG&OAHP=IRC_EXT_SITE_VISITOR_APPL&OASF=IRC_VIS_VAC_DISPLAY&akRegionApplicationId=821&transactionid=928581420&retainAM=N&addBreadCrumb=RP&p_svid=36425&p_spid=415566&oapc=210&oas=GSGwZh9k3ffQWCYLVR49hw.."
"IRC32784...","Senior Staff, Systems Engineering","Alpharetta, GA, US","0001 2025 Enterprise/Cap Markets - Tech","","","","","","","https://careers.etrade.com/OA_HTML/OA.jsp?page=/oracle/apps/irc/candidateSelfService/webui/VisVacDispPG&OAHP=IRC_EXT_SITE_VISITOR_APPL&OASF=IRC_VIS_VAC_DISPLAY&akRegionApplicationId=821&transactionid=928581420&retainAM=N&addBreadCrumb=RP&p_svid=32784&p_spid=278566&oapc=213&oas=ELsIbE5F6Nh0aK3c5IGQxQ.."
"IRC36344...","Senior Manager, Retail Cash Management","Jersey City, NJ, US","0014 4012 Product Management - Retail On-line","","","","","","","https://careers.etrade.com/OA_HTML/OA.jsp?page=/oracle/apps/irc/candidateSelfService/webui/VisVacDispPG&OAHP=IRC_EXT_SITE_VISITOR_APPL&OASF=IRC_VIS_VAC_DISPLAY&akRegionApplicationId=821&transactionid=928581420&retainAM=N&addBreadCrumb=RP&p_svid=36344&p_spid=412567&oapc=216&oas=96MN574mgn0Nz8Pp4rLPGQ.."
"IRC36266...","E*TRADE Financial Consultant, King of Prussia, PA Branch","King Of Prussia, PA, US","0013 4024 E*Trade Center - 0103","","","","","","","https://careers.etrade.com/OA_HTML/OA.jsp?page=/oracle/apps/irc/candidateSelfService/webui/VisVacDispPG&OAHP=IRC_EXT_SITE_VISITOR_APPL&OASF=IRC_VIS_VAC_DISPLAY&akRegionApplicationId=821&transactionid=928581420&retainAM=N&addBreadCrumb=RP&p_svid=36266&p_spid=410566&oapc=219&oas=n8MODOwhYA-eCisdhBIggA.."
"IRC36223...","Implementation Project Manager","Alpharetta, GA, US","0040 4012 Product Management - BSG","","","","","","","https://careers.etrade.com/OA_HTML/OA.jsp?page=/oracle/apps/irc/candidateSelfService/webui/VisVacDispPG&OAHP=IRC_EXT_SITE_VISITOR_APPL&OASF=IRC_VIS_VAC_DISPLAY&akRegionApplicationId=821&transactionid=928581420&retainAM=N&addBreadCrumb=RP&p_svid=36223&p_spid=408563&oapc=223&oas=lW_BpQtKk2JPuNhjosNTEA.."
"IRC36243...","Senior Implementation Project Manager","Alpharetta, GA, US","0040 4012 Product Management - BSG","","","","","","","https://careers.etrade.com/OA_HTML/OA.jsp?page=/oracle/apps/irc/candidateSelfService/webui/VisVacDispPG&OAHP=IRC_EXT_SITE_VISITOR_APPL&OASF=IRC_VIS_VAC_DISPLAY&akRegionApplicationId=821&transactionid=928581420&retainAM=N&addBreadCrumb=RP&p_svid=36243&p_spid=409563&oapc=226&oas=q5DT2YcyzFuYvL8Ngr9adw.."
"IRC35984...","Web Developer","Menlo Park, CA, US","0001 5016 Web Development - Tech","","","","","","","https://careers.etrade.com/OA_HTML/OA.jsp?page=/oracle/apps/irc/candidateSelfService/webui/VisVacDispPG&OAHP=IRC_EXT_SITE_VISITOR_APPL&OASF=IRC_VIS_VAC_DISPLAY&akRegionApplicationId=821&transactionid=928581420&retainAM=N&addBreadCrumb=RP&p_svid=35984&p_spid=402564&oapc=229&oas=KLqwKwG8DJAcvEQVYP7buw.."
"IRC36104...","Financial Consultant","Torrance, CA, US","0013 4024 E*Trade Center - 0103","","","","","","","https://careers.etrade.com/OA_HTML/OA.jsp?page=/oracle/apps/irc/candidateSelfService/webui/VisVacDispPG&OAHP=IRC_EXT_SITE_VISITOR_APPL&OASF=IRC_VIS_VAC_DISPLAY&akRegionApplicationId=821&transactionid=928581420&retainAM=N&addBreadCrumb=RP&p_svid=36104&p_spid=403567&oapc=232&oas=NSr-ceHWUoFFaeboeBNpiA.."
"IRC35985...","Web Developer","Menlo Park, CA, US","0001 5016 Web Development - Tech","","","","","","","https://careers.etrade.com/OA_HTML/OA.jsp?page=/oracle/apps/irc/candidateSelfService/webui/VisVacDispPG&OAHP=IRC_EXT_SITE_VISITOR_APPL&OASF=IRC_VIS_VAC_DISPLAY&akRegionApplicationId=821&transactionid=928581420&retainAM=N&addBreadCrumb=RP&p_svid=35985&p_spid=402565&oapc=235&oas=8dW65mbEIJiN4_qA_-fGHw.."
"IRC35688...","Senior Staff, Software Engineering","Arlington, VA, US","0001 5042 Balance Sheet Management - Shared Services","","","","","","","https://careers.etrade.com/OA_HTML/OA.jsp?page=/oracle/apps/irc/candidateSelfService/webui/VisVacDispPG&OAHP=IRC_EXT_SITE_VISITOR_APPL&OASF=IRC_VIS_VAC_DISPLAY&akRegionApplicationId=821&transactionid=928581420&retainAM=N&addBreadCrumb=RP&p_svid=35688&p_spid=388568&oapc=238&oas=b6DqXnUzTSq1pPQhBC2FCA.."
"IRC36066...","Senior Staff, QA Engineer","Jersey City, NJ, US","0001 5037 Software QA - Shared Services","","","","","","","https://careers.etrade.com/OA_HTML/OA.jsp?page=/oracle/apps/irc/candidateSelfService/webui/VisVacDispPG&OAHP=IRC_EXT_SITE_VISITOR_APPL&OASF=IRC_VIS_VAC_DISPLAY&akRegionApplicationId=821&transactionid=928581420&retainAM=N&addBreadCrumb=RP&p_svid=36066&p_spid=404566&oapc=241&oas=xZSexEfxC9x1w1EigKdRGw.."
"IRC36023...","Mid-Market Manager, Client Services","Alpharetta, GA, US","0040 2354 Corporate Support - Corporate Services","","","","","","","https://careers.etrade.com/OA_HTML/OA.jsp?page=/oracle/apps/irc/candidateSelfService/webui/VisVacDispPG&OAHP=IRC_EXT_SITE_VISITOR_APPL&OASF=IRC_VIS_VAC_DISPLAY&akRegionApplicationId=821&transactionid=928581420&retainAM=N&addBreadCrumb=RP&p_svid=36023&p_spid=402569&oapc=244&oas=8a3tZSsCX1XRPL7DpzRXug.."
"IRC36005...","Equity Compensation Associate","Alpharetta, GA, US","0040 2354 Corporate Support - Corporate Services","","","","","","","https://careers.etrade.com/OA_HTML/OA.jsp?page=/oracle/apps/irc/candidateSelfService/webui/VisVacDispPG&OAHP=IRC_EXT_SITE_VISITOR_APPL&OASF=IRC_VIS_VAC_DISPLAY&akRegionApplicationId=821&transactionid=928581420&retainAM=N&addBreadCrumb=RP&p_svid=36005&p_spid=402568&oapc=247&oas=z5aePpg_AaaKL3z2kw0j2Q.."
"IRC35670...","Senior Staff Software Engineer - Innovation Technology Team","Menlo Park, CA, US","0001 5032 Innovation Development - Shared Services","","","","","","","https://careers.etrade.com/OA_HTML/OA.jsp?page=/oracle/apps/irc/candidateSelfService/webui/VisVacDispPG&OAHP=IRC_EXT_SITE_VISITOR_APPL&OASF=IRC_VIS_VAC_DISPLAY&akRegionApplicationId=821&transactionid=928581420&retainAM=N&addBreadCrumb=RP&p_svid=35670&p_spid=389566&oapc=250&oas=qPCAGy6Go26dQ7_Iddj4mQ.."
"IRC35904...","Financial Consultant","San Diego, CA, US","0013 4024 E*Trade Center - 0103","","","","","","","https://careers.etrade.com/OA_HTML/OA.jsp?page=/oracle/apps/irc/candidateSelfService/webui/VisVacDispPG&OAHP=IRC_EXT_SITE_VISITOR_APPL&OASF=IRC_VIS_VAC_DISPLAY&akRegionApplicationId=821&transactionid=928581420&retainAM=N&addBreadCrumb=RP&p_svid=35904&p_spid=398564&oapc=254&oas=ZO5wPCgp15z8bQRe69xpcA.."
"IRC35672...","Senior Staff Software Engineer - Innovation Technology Team","Menlo Park, CA, US","0001 5033 Corporate Services Group - Tech","","","","","","","https://careers.etrade.com/OA_HTML/OA.jsp?page=/oracle/apps/irc/candidateSelfService/webui/VisVacDispPG&OAHP=IRC_EXT_SITE_VISITOR_APPL&OASF=IRC_VIS_VAC_DISPLAY&akRegionApplicationId=821&transactionid=928581420&retainAM=N&addBreadCrumb=RP&p_svid=35672&p_spid=389568&oapc=257&oas=9MDciQrCnQyV3MbpgbdI8g.."
"IRC35671...","Senior Staff Software Engineer - Innovation Technology Team","Menlo Park, CA, US","0001 5032 Innovation Development - Shared Services","","","","","","","https://careers.etrade.com/OA_HTML/OA.jsp?page=/oracle/apps/irc/candidateSelfService/webui/VisVacDispPG&OAHP=IRC_EXT_SITE_VISITOR_APPL&OASF=IRC_VIS_VAC_DISPLAY&akRegionApplicationId=821&transactionid=928581420&retainAM=N&addBreadCrumb=RP&p_svid=35671&p_spid=389567&oapc=260&oas=kXY7vyWMcEmPgAp-D2t-FA.."
"IRC35883...","Financial Consultant","Washington, DC, US","0013 4024 E*Trade Center - 0103","","","","","","","https://careers.etrade.com/OA_HTML/OA.jsp?page=/oracle/apps/irc/candidateSelfService/webui/VisVacDispPG&OAHP=IRC_EXT_SITE_VISITOR_APPL&OASF=IRC_VIS_VAC_DISPLAY&akRegionApplicationId=821&transactionid=928581420&retainAM=N&addBreadCrumb=RP&p_svid=35883&p_spid=397563&oapc=263&oas=ZYnMjHFIyQ7JF2yTo-j75A.."
"IRC35668...","Senior Staff, Software Engineer - Innovation Technology Team.","Menlo Park, CA, US","0001 5032 Innovation Development - Shared Services","","","","","","","https://careers.etrade.com/OA_HTML/OA.jsp?page=/oracle/apps/irc/candidateSelfService/webui/VisVacDispPG&OAHP=IRC_EXT_SITE_VISITOR_APPL&OASF=IRC_VIS_VAC_DISPLAY&akRegionApplicationId=821&transactionid=928581420&retainAM=N&addBreadCrumb=RP&p_svid=35668&p_spid=389564&oapc=266&oas=WmG-wnm0iTR6deQRqO2Bjw.."
"IRC35644...","Product Manager","Alpharetta, GA, US","0014 4004 Product Development - Retail On-line","","","","","","","https://careers.etrade.com/OA_HTML/OA.jsp?page=/oracle/apps/irc/candidateSelfService/webui/VisVacDispPG&OAHP=IRC_EXT_SITE_VISITOR_APPL&OASF=IRC_VIS_VAC_DISPLAY&akRegionApplicationId=821&transactionid=928581420&retainAM=N&addBreadCrumb=RP&p_svid=35644&p_spid=386563&oapc=269&oas=N6ErlrwSYNkCool-HIiOcA.."
"IRC35623...","Tax Manager","Jersey City, NJ, US","1056 2200 Global Trading Operations - Shared Services","","","","","","","https://careers.etrade.com/OA_HTML/OA.jsp?page=/oracle/apps/irc/candidateSelfService/webui/VisVacDispPG&OAHP=IRC_EXT_SITE_VISITOR_APPL&OASF=IRC_VIS_VAC_DISPLAY&akRegionApplicationId=821&transactionid=928581420&retainAM=N&addBreadCrumb=RP&p_svid=35623&p_spid=385570&oapc=272&oas=iFKGURbDz0_AHggyFPTR1A.."
"IRC35504...","Product Manager - Long Term Investing","Menlo Park, CA, US","0014 4004 Product Development - Retail On-line","","","","","","","https://careers.etrade.com/OA_HTML/OA.jsp?page=/oracle/apps/irc/candidateSelfService/webui/VisVacDispPG&OAHP=IRC_EXT_SITE_VISITOR_APPL&OASF=IRC_VIS_VAC_DISPLAY&akRegionApplicationId=821&transactionid=928581420&retainAM=N&addBreadCrumb=RP&p_svid=35504&p_spid=383564&oapc=275&oas=d2Yogv3yvPbzdJ2473IClQ.."
"IRC35269...","Senior Staff, IT Project Management - Fraud, AML and Compliance","Jersey City, NJ, US","0001 5045 Security Compliance - Tech","","","","","","","https://careers.etrade.com/OA_HTML/OA.jsp?page=/oracle/apps/irc/candidateSelfService/webui/VisVacDispPG&OAHP=IRC_EXT_SITE_VISITOR_APPL&OASF=IRC_VIS_VAC_DISPLAY&akRegionApplicationId=821&transactionid=928581420&retainAM=N&addBreadCrumb=RP&p_svid=35269&p_spid=376571&oapc=278&oas=B_PuRiorKpEZ5NlJWzWXzQ.."
"IRC35104...","Sales Consultant","Alpharetta, GA, US","0040 4006 Direct Sales - BSG","","","","","","","https://careers.etrade.com/OA_HTML/OA.jsp?page=/oracle/apps/irc/candidateSelfService/webui/VisVacDispPG&OAHP=IRC_EXT_SITE_VISITOR_APPL&OASF=IRC_VIS_VAC_DISPLAY&akRegionApplicationId=821&transactionid=928581420&retainAM=N&addBreadCrumb=RP&p_svid=35104&p_spid=371564&oapc=281&oas=81yXq6yyYb0Ebz5ACcMTcQ.."
"IRC35406...","Product Architect","Alpharetta, GA, US","0040 4012 Product Management - BSG","","","","","","","https://careers.etrade.com/OA_HTML/OA.jsp?page=/oracle/apps/irc/candidateSelfService/webui/VisVacDispPG&OAHP=IRC_EXT_SITE_VISITOR_APPL&OASF=IRC_VIS_VAC_DISPLAY&akRegionApplicationId=821&transactionid=928581420&retainAM=N&addBreadCrumb=RP&p_svid=35406&p_spid=380566&oapc=285&oas=LgaMRsamljj6SycYwMmx-A.."
"IRC35423...","Director of Customer Experience","New York, NY, US","0014 4012 Product Management - Retail On-line","","","","","","","https://careers.etrade.com/OA_HTML/OA.jsp?page=/oracle/apps/irc/candidateSelfService/webui/VisVacDispPG&OAHP=IRC_EXT_SITE_VISITOR_APPL&OASF=IRC_VIS_VAC_DISPLAY&akRegionApplicationId=821&transactionid=928581420&retainAM=N&addBreadCrumb=RP&p_svid=35423&p_spid=381563&oapc=288&oas=-F-Tu8F0k75oFf9-g8fitw.."
"IRC35105...","Account Executive","Alpharetta, GA, US","0040 4006 Direct Sales - BSG","","","","","","","https://careers.etrade.com/OA_HTML/OA.jsp?page=/oracle/apps/irc/candidateSelfService/webui/VisVacDispPG&OAHP=IRC_EXT_SITE_VISITOR_APPL&OASF=IRC_VIS_VAC_DISPLAY&akRegionApplicationId=821&transactionid=928581420&retainAM=N&addBreadCrumb=RP&p_svid=35105&p_spid=371565&oapc=291&oas=pFYmklwCeosLPszIa8xDFQ.."
"IRC34183...","Senior Staff, IT Project Management","Arlington, VA, US","0001 5004 MIS - Tech","","","","","","","https://careers.etrade.com/OA_HTML/OA.jsp?page=/oracle/apps/irc/candidateSelfService/webui/VisVacDispPG&OAHP=IRC_EXT_SITE_VISITOR_APPL&OASF=IRC_VIS_VAC_DISPLAY&akRegionApplicationId=821&transactionid=928581420&retainAM=N&addBreadCrumb=RP&p_svid=34183&p_spid=332563&oapc=294&oas=MpjE2dWvGJVG_M0sb0gneg.."
"IRC35368...","Business Reporting Analyst","Alpharetta, GA, US","0014 3482 Business Analysis - Retail - Admin","","","","","","","https://careers.etrade.com/OA_HTML/OA.jsp?page=/oracle/apps/irc/candidateSelfService/webui/VisVacDispPG&OAHP=IRC_EXT_SITE_VISITOR_APPL&OASF=IRC_VIS_VAC_DISPLAY&akRegionApplicationId=821&transactionid=928581420&retainAM=N&addBreadCrumb=RP&p_svid=35368&p_spid=378571&oapc=297&oas=PY4tepaX6GOM4-xBVxV4Mw.."
"IRC34544...","Staff Network Operations","Alpharetta, GA, US","0001 2020 Network/Telecom Operations - Shared Services","","","","","","","https://careers.etrade.com/OA_HTML/OA.jsp?page=/oracle/apps/irc/candidateSelfService/webui/VisVacDispPG&OAHP=IRC_EXT_SITE_VISITOR_APPL&OASF=IRC_VIS_VAC_DISPLAY&akRegionApplicationId=821&transactionid=928581420&retainAM=N&addBreadCrumb=RP&p_svid=34544&p_spid=347564&oapc=300&oas=Q3VTZX3W0_D5crtUZ4hUHA.."
"IRC34865...","Senior Systems Engineer, Market Data Engineering","Alpharetta, GA, US","0001 2020 Network/Telecom Operations - Shared Services","","","","","","","https://careers.etrade.com/OA_HTML/OA.jsp?page=/oracle/apps/irc/candidateSelfService/webui/VisVacDispPG&OAHP=IRC_EXT_SITE_VISITOR_APPL&OASF=IRC_VIS_VAC_DISPLAY&akRegionApplicationId=821&transactionid=928581420&retainAM=N&addBreadCrumb=RP&p_svid=34865&p_spid=358570&oapc=303&oas=2KyNKKDZK2AsmR2CzN64_w.."
"IRC35324...","Legal Assistant","Arlington, VA, US","0001 3301 Legal - Corp","","","","","","","https://careers.etrade.com/OA_HTML/OA.jsp?page=/oracle/apps/irc/candidateSelfService/webui/VisVacDispPG&OAHP=IRC_EXT_SITE_VISITOR_APPL&OASF=IRC_VIS_VAC_DISPLAY&akRegionApplicationId=821&transactionid=928581420&retainAM=N&addBreadCrumb=RP&p_svid=35324&p_spid=377569&oapc=306&oas=Aknpve6JjSCIWeb6HvoJPg.."
"IRC35270...","Investment Product Specialist","Jersey City, NJ, US","0014 4036 RM Product Specialists - 0103","","","","","","","https://careers.etrade.com/OA_HTML/OA.jsp?page=/oracle/apps/irc/candidateSelfService/webui/VisVacDispPG&OAHP=IRC_EXT_SITE_VISITOR_APPL&OASF=IRC_VIS_VAC_DISPLAY&akRegionApplicationId=821&transactionid=928581420&retainAM=N&addBreadCrumb=RP&p_svid=35270&p_spid=376572&oapc=309&oas=lBaXxhuCY2YY7Gp8le4QMw.."
"IRC35283...","Manager - Client Services","Sandy, UT, US","0040 2354 Corporate Support - Corporate Services","","","","","","","https://careers.etrade.com/OA_HTML/OA.jsp?page=/oracle/apps/irc/candidateSelfService/webui/VisVacDispPG&OAHP=IRC_EXT_SITE_VISITOR_APPL&OASF=IRC_VIS_VAC_DISPLAY&akRegionApplicationId=821&transactionid=928581420&retainAM=N&addBreadCrumb=RP&p_svid=35283&p_spid=377563&oapc=312&oas=b4ZC5Boy5zZ_BKaDJ8dOMQ.."
"IRC35345...","Financial Consultant","Sandy, UT, US","0014 4032 Relationship Management Call Centers - 0103","","","","","","","https://careers.etrade.com/OA_HTML/OA.jsp?page=/oracle/apps/irc/candidateSelfService/webui/VisVacDispPG&OAHP=IRC_EXT_SITE_VISITOR_APPL&OASF=IRC_VIS_VAC_DISPLAY&akRegionApplicationId=821&transactionid=928581420&retainAM=N&addBreadCrumb=RP&p_svid=35345&p_spid=378565&oapc=316&oas=Oi_7rtSR8wyHINN4N2xNKg.."
"IRC35284...","Senior Credit Risk ETL Analyst","Arlington, VA, US","1010 2264 Credit - Central Admin","","","","","","","https://careers.etrade.com/OA_HTML/OA.jsp?page=/oracle/apps/irc/candidateSelfService/webui/VisVacDispPG&OAHP=IRC_EXT_SITE_VISITOR_APPL&OASF=IRC_VIS_VAC_DISPLAY&akRegionApplicationId=821&transactionid=928581420&retainAM=N&addBreadCrumb=RP&p_svid=35284&p_spid=377564&oapc=319&oas=qeAcudb5iplX4b0UaKnUHg.."
"IRC35244...","Large Market Manager, Client Services","Sandy, UT, US","0040 2354 Corporate Support - Corporate Services","","","","","","","https://careers.etrade.com/OA_HTML/OA.jsp?page=/oracle/apps/irc/candidateSelfService/webui/VisVacDispPG&OAHP=IRC_EXT_SITE_VISITOR_APPL&OASF=IRC_VIS_VAC_DISPLAY&akRegionApplicationId=821&transactionid=928581420&retainAM=N&addBreadCrumb=RP&p_svid=35244&p_spid=376564&oapc=322&oas=VUPtO-AWO_TKyPcXIKRO_A.."
"IRC34807...","Senior Staff, Software Engineering","Arlington, VA, US","0001 5004 MIS - Tech","","","","","","","https://careers.etrade.com/OA_HTML/OA.jsp?page=/oracle/apps/irc/candidateSelfService/webui/VisVacDispPG&OAHP=IRC_EXT_SITE_VISITOR_APPL&OASF=IRC_VIS_VAC_DISPLAY&akRegionApplicationId=821&transactionid=928581420&retainAM=N&addBreadCrumb=RP&p_svid=34807&p_spid=358567&oapc=325&oas=J2fT8_vjlAV8qMYS9ITvMA.."
"IRC34383...","Senior Staff, Support Analyst - Oracle Financials","Arlington, VA, US","0001 5004 MIS - Tech","","","","","","","https://careers.etrade.com/OA_HTML/OA.jsp?page=/oracle/apps/irc/candidateSelfService/webui/VisVacDispPG&OAHP=IRC_EXT_SITE_VISITOR_APPL&OASF=IRC_VIS_VAC_DISPLAY&akRegionApplicationId=821&transactionid=928581420&retainAM=N&addBreadCrumb=RP&p_svid=34383&p_spid=340563&oapc=328&oas=LHFNK9FOqfLEtRoCRrI2Dw.."
"IRC35243...","Large Market Manager, Client Services","Alpharetta, GA, US","0040 2354 Corporate Support - Corporate Services","","","","","","","https://careers.etrade.com/OA_HTML/OA.jsp?page=/oracle/apps/irc/candidateSelfService/webui/VisVacDispPG&OAHP=IRC_EXT_SITE_VISITOR_APPL&OASF=IRC_VIS_VAC_DISPLAY&akRegionApplicationId=821&transactionid=928581420&retainAM=N&addBreadCrumb=RP&p_svid=35243&p_spid=376563&oapc=331&oas=286Gm8lmRQ9Uk5yeLLGBsA.."
"IRC35145...","Senior Global Events Specialist","New York, NY, US","0001 3059 Global Events - Retail - Admin","","","","","","","https://careers.etrade.com/OA_HTML/OA.jsp?page=/oracle/apps/irc/candidateSelfService/webui/VisVacDispPG&OAHP=IRC_EXT_SITE_VISITOR_APPL&OASF=IRC_VIS_VAC_DISPLAY&akRegionApplicationId=821&transactionid=928581420&retainAM=N&addBreadCrumb=RP&p_svid=35145&p_spid=372565&oapc=334&oas=4wVYYAfyq6ZGCm4OYPk7Wg.."
"IRC35203...","Product Manager","Menlo Park, CA, US","0014 4007 Wealth Mgmt - Product Mgmt - Retail On-line","","","","","","","https://careers.etrade.com/OA_HTML/OA.jsp?page=/oracle/apps/irc/candidateSelfService/webui/VisVacDispPG&OAHP=IRC_EXT_SITE_VISITOR_APPL&OASF=IRC_VIS_VAC_DISPLAY&akRegionApplicationId=821&transactionid=928581420&retainAM=N&addBreadCrumb=RP&p_svid=35203&p_spid=374563&oapc=337&oas=b34JHTViws1Iadt7g82imw.."
"IRC34603...","Senior Business Analyst","Arlington, VA, US","0001 5017 Business Process Management - Shared Services","","","","","","","https://careers.etrade.com/OA_HTML/OA.jsp?page=/oracle/apps/irc/candidateSelfService/webui/VisVacDispPG&OAHP=IRC_EXT_SITE_VISITOR_APPL&OASF=IRC_VIS_VAC_DISPLAY&akRegionApplicationId=821&transactionid=928581420&retainAM=N&addBreadCrumb=RP&p_svid=34603&p_spid=349563&oapc=340&oas=fV3onzSaSj5ump8uDzNk_Q.."
"IRC35024...","Financial Consultant","Fort Lauderdale, FL, US","0013 4024 E*Trade Center - 0103","","","","","","","https://careers.etrade.com/OA_HTML/OA.jsp?page=/oracle/apps/irc/candidateSelfService/webui/VisVacDispPG&OAHP=IRC_EXT_SITE_VISITOR_APPL&OASF=IRC_VIS_VAC_DISPLAY&akRegionApplicationId=821&transactionid=928581420&retainAM=N&addBreadCrumb=RP&p_svid=35024&p_spid=367564&oapc=343&oas=RjzjVZ0m2Q_saVitPPw4mw.."
"IRC34966...","Credit Analyst","Arlington, VA, US","0001 2264 Credit - Central Admin","","","","","","","https://careers.etrade.com/OA_HTML/OA.jsp?page=/oracle/apps/irc/candidateSelfService/webui/VisVacDispPG&OAHP=IRC_EXT_SITE_VISITOR_APPL&OASF=IRC_VIS_VAC_DISPLAY&akRegionApplicationId=821&transactionid=928581420&retainAM=N&addBreadCrumb=RP&p_svid=34966&p_spid=364566&oapc=347&oas=mdxX2hr6gUB8ZmsokW9I-g.."
"IRC34945...","Manager, Learning Architecture","Alpharetta, GA, US","0001 3200 HR Admin - Central Admin","","","","","","","https://careers.etrade.com/OA_HTML/OA.jsp?page=/oracle/apps/irc/candidateSelfService/webui/VisVacDispPG&OAHP=IRC_EXT_SITE_VISITOR_APPL&OASF=IRC_VIS_VAC_DISPLAY&akRegionApplicationId=821&transactionid=928581420&retainAM=N&addBreadCrumb=RP&p_svid=34945&p_spid=363565&oapc=350&oas=OVbLbYtYnvAtj4iUNKilQg.."
"IRC34452...","Senior Software Developer","Jersey City, NJ, US","0001 5045 Security Compliance - Tech","","","","","","","https://careers.etrade.com/OA_HTML/OA.jsp?page=/oracle/apps/irc/candidateSelfService/webui/VisVacDispPG&OAHP=IRC_EXT_SITE_VISITOR_APPL&OASF=IRC_VIS_VAC_DISPLAY&akRegionApplicationId=821&transactionid=928581420&retainAM=N&addBreadCrumb=RP&p_svid=34452&p_spid=342574&oapc=353&oas=mXkOKolqK1olCWFpe6TPmg.."
"IRC28049...","Corporate Services Financial Consultant","San Francisco, CA, US","0013 4024 E*Trade Center - 0103","","","","","","","https://careers.etrade.com/OA_HTML/OA.jsp?page=/oracle/apps/irc/candidateSelfService/webui/VisVacDispPG&OAHP=IRC_EXT_SITE_VISITOR_APPL&OASF=IRC_VIS_VAC_DISPLAY&akRegionApplicationId=821&transactionid=928581420&retainAM=N&addBreadCrumb=RP&p_svid=28049&p_spid=58569&oapc=356&oas=IsijfwUAb-eRl7igahjquQ.."
"IRC34903...","Senior Staff, Software Engineering","Menlo Park, CA, US","0001 5008 Trading Systems - Tech","","","","","","","https://careers.etrade.com/OA_HTML/OA.jsp?page=/oracle/apps/irc/candidateSelfService/webui/VisVacDispPG&OAHP=IRC_EXT_SITE_VISITOR_APPL&OASF=IRC_VIS_VAC_DISPLAY&akRegionApplicationId=821&transactionid=928581420&retainAM=N&addBreadCrumb=RP&p_svid=34903&p_spid=361563&oapc=359&oas=DV-WrH7WxdrBGb1h1NXKAw.."
"IRC28203...","Corporate Services Financial Consultants","Palo Alto, CA, US","0013 4024 E*Trade Center - 0103","","","","","","","https://careers.etrade.com/OA_HTML/OA.jsp?page=/oracle/apps/irc/candidateSelfService/webui/VisVacDispPG&OAHP=IRC_EXT_SITE_VISITOR_APPL&OASF=IRC_VIS_VAC_DISPLAY&akRegionApplicationId=821&transactionid=928581420&retainAM=N&addBreadCrumb=RP&p_svid=28203&p_spid=64569&oapc=362&oas=NJFi9F3udrLMa7yxu7Y66g.."
"IRC34451...","Software Engineering - AML, Fraud &amp; Compliance","Jersey City, NJ, US","0001 5045 Security Compliance - Tech","","","","","","","https://careers.etrade.com/OA_HTML/OA.jsp?page=/oracle/apps/irc/candidateSelfService/webui/VisVacDispPG&OAHP=IRC_EXT_SITE_VISITOR_APPL&OASF=IRC_VIS_VAC_DISPLAY&akRegionApplicationId=821&transactionid=928581420&retainAM=N&addBreadCrumb=RP&p_svid=34451&p_spid=342573&oapc=365&oas=Uw4dYbjowWoynpoM_Kin_w.."
"IRC33410...","Branch Service Representative","New York, NY, US","0013 4024 E*Trade Center - 0103","","","","","","","https://careers.etrade.com/OA_HTML/OA.jsp?page=/oracle/apps/irc/candidateSelfService/webui/VisVacDispPG&OAHP=IRC_EXT_SITE_VISITOR_APPL&OASF=IRC_VIS_VAC_DISPLAY&akRegionApplicationId=821&transactionid=928581420&retainAM=N&addBreadCrumb=RP&p_svid=33410&p_spid=303570&oapc=368&oas=wShNgdB9oN7HpmCD9pYsyw.."
"IRC34768...","Product Architect, Customer Web Experience","Alpharetta, GA, US","0040 4012 Product Management - BSG","","","","","","","https://careers.etrade.com/OA_HTML/OA.jsp?page=/oracle/apps/irc/candidateSelfService/webui/VisVacDispPG&OAHP=IRC_EXT_SITE_VISITOR_APPL&OASF=IRC_VIS_VAC_DISPLAY&akRegionApplicationId=821&transactionid=928581420&retainAM=N&addBreadCrumb=RP&p_svid=34768&p_spid=355568&oapc=371&oas=KJHOkGHspssvADvHuE8pTQ.."
"IRC34783...","Financial Consultant","Boston, MA, US","0013 4024 E*Trade Center - 0103","","","","","","","https://careers.etrade.com/OA_HTML/OA.jsp?page=/oracle/apps/irc/candidateSelfService/webui/VisVacDispPG&OAHP=IRC_EXT_SITE_VISITOR_APPL&OASF=IRC_VIS_VAC_DISPLAY&akRegionApplicationId=821&transactionid=928581420&retainAM=N&addBreadCrumb=RP&p_svid=34783&p_spid=356563&oapc=374&oas=xZhZglz4ufdMhzjVtlUSaA.."
"IRC34692...","Training Coordinator","Alpharetta, GA, US","0001 3200 HR Admin - Central Admin","","","","","","","https://careers.etrade.com/OA_HTML/OA.jsp?page=/oracle/apps/irc/candidateSelfService/webui/VisVacDispPG&OAHP=IRC_EXT_SITE_VISITOR_APPL&OASF=IRC_VIS_VAC_DISPLAY&akRegionApplicationId=821&transactionid=928581420&retainAM=N&addBreadCrumb=RP&p_svid=34692&p_spid=353572&oapc=378&oas=zoOmL1LX5hCRT_3uGNQ5lA.."
"IRC34666...","Product Support Analyst","Alpharetta, GA, US","0040 4012 Product Management - BSG","","","","","","","https://careers.etrade.com/OA_HTML/OA.jsp?page=/oracle/apps/irc/candidateSelfService/webui/VisVacDispPG&OAHP=IRC_EXT_SITE_VISITOR_APPL&OASF=IRC_VIS_VAC_DISPLAY&akRegionApplicationId=821&transactionid=928581420&retainAM=N&addBreadCrumb=RP&p_svid=34666&p_spid=351568&oapc=381&oas=Rh4CQz7-pm7reWFogcy_pA.."
"IRC34448...","QA Software Engineer","Jersey City, NJ, US","0001 5037 Software QA - Shared Services","","","","","","","https://careers.etrade.com/OA_HTML/OA.jsp?page=/oracle/apps/irc/candidateSelfService/webui/VisVacDispPG&OAHP=IRC_EXT_SITE_VISITOR_APPL&OASF=IRC_VIS_VAC_DISPLAY&akRegionApplicationId=821&transactionid=928581420&retainAM=N&addBreadCrumb=RP&p_svid=34448&p_spid=342570&oapc=384&oas=_KpyQGybcqmzxFTFs6xGZA.."
"IRC34449...","Senior Web Developer","Menlo Park, CA, US","0001 5016 Web Development - Tech","","","","","","","https://careers.etrade.com/OA_HTML/OA.jsp?page=/oracle/apps/irc/candidateSelfService/webui/VisVacDispPG&OAHP=IRC_EXT_SITE_VISITOR_APPL&OASF=IRC_VIS_VAC_DISPLAY&akRegionApplicationId=821&transactionid=928581420&retainAM=N&addBreadCrumb=RP&p_svid=34449&p_spid=342571&oapc=387&oas=DnPCdsrfLPPKBDbQ9-hYIw.."
"IRC34453...","Financial Consultant","Roseville, CA, US","0013 4024 E*Trade Center - 0103","","","","","","","https://careers.etrade.com/OA_HTML/OA.jsp?page=/oracle/apps/irc/candidateSelfService/webui/VisVacDispPG&OAHP=IRC_EXT_SITE_VISITOR_APPL&OASF=IRC_VIS_VAC_DISPLAY&akRegionApplicationId=821&transactionid=928581420&retainAM=N&addBreadCrumb=RP&p_svid=34453&p_spid=342575&oapc=390&oas=j_R-N2kGkP0nwAAVnJxqqQ.."
"IRC32745...","Financial Consultant","Brentwood, CA, US","0013 4024 E*Trade Center - 0103","","","","","","","https://careers.etrade.com/OA_HTML/OA.jsp?page=/oracle/apps/irc/candidateSelfService/webui/VisVacDispPG&OAHP=IRC_EXT_SITE_VISITOR_APPL&OASF=IRC_VIS_VAC_DISPLAY&akRegionApplicationId=821&transactionid=928581420&retainAM=N&addBreadCrumb=RP&p_svid=32745&p_spid=277565&oapc=393&oas=1-g1KV94pB0Syp9Dg93rtw.."
"IRC34246...","Associate Financial Services Representative","Alpharetta, GA, US","0014 2102 Customer Service QM and Training - 0103","","","","","","","https://careers.etrade.com/OA_HTML/OA.jsp?page=/oracle/apps/irc/candidateSelfService/webui/VisVacDispPG&OAHP=IRC_EXT_SITE_VISITOR_APPL&OASF=IRC_VIS_VAC_DISPLAY&akRegionApplicationId=821&transactionid=928581420&retainAM=N&addBreadCrumb=RP&p_svid=34246&p_spid=335566&oapc=396&oas=LVTVd9HhKK9oQTx_TbG3ew.."
"IRC34345...","Staff, Network Operations Engineer","Alpharetta, GA, US","0001 2020 Network/Telecom Operations - Shared Services","","","","","","","https://careers.etrade.com/OA_HTML/OA.jsp?page=/oracle/apps/irc/candidateSelfService/webui/VisVacDispPG&OAHP=IRC_EXT_SITE_VISITOR_APPL&OASF=IRC_VIS_VAC_DISPLAY&akRegionApplicationId=821&transactionid=928581420&retainAM=N&addBreadCrumb=RP&p_svid=34345&p_spid=338565&oapc=399&oas=C5WoiIzItRcRfLl36R9fdA.."
"IRC34344...","Sr. Equity Compensation Specialist","Alpharetta, GA, US","0040 2354 Corporate Support - Corporate Services","","","","","","","https://careers.etrade.com/OA_HTML/OA.jsp?page=/oracle/apps/irc/candidateSelfService/webui/VisVacDispPG&OAHP=IRC_EXT_SITE_VISITOR_APPL&OASF=IRC_VIS_VAC_DISPLAY&akRegionApplicationId=821&transactionid=928581420&retainAM=N&addBreadCrumb=RP&p_svid=34344&p_spid=338564&oapc=402&oas=81heK7Tn_LI7fONQYKFo7w.."
"IRC34245...","Associate Financial Services Representative","Sandy, UT, US","0014 2050 Customer Service - 0103","","","","","","","https://careers.etrade.com/OA_HTML/OA.jsp?page=/oracle/apps/irc/candidateSelfService/webui/VisVacDispPG&OAHP=IRC_EXT_SITE_VISITOR_APPL&OASF=IRC_VIS_VAC_DISPLAY&akRegionApplicationId=821&transactionid=928581420&retainAM=N&addBreadCrumb=RP&p_svid=34245&p_spid=335565&oapc=405&oas=DX_nNjWggalu4nKXfzEsqg.."
"IRC33923...","Product Architect, Customer Web Experience","Alpharetta, GA, US","0040 4012 Product Management - BSG","","","","","","","https://careers.etrade.com/OA_HTML/OA.jsp?page=/oracle/apps/irc/candidateSelfService/webui/VisVacDispPG&OAHP=IRC_EXT_SITE_VISITOR_APPL&OASF=IRC_VIS_VAC_DISPLAY&akRegionApplicationId=821&transactionid=928581420&retainAM=N&addBreadCrumb=RP&p_svid=33923&p_spid=321563&oapc=409&oas=hwR9gFOu9vbDkmVGeGoNIA.."
"IRC34025...","Financial Consultant","San Francisco, CA, US","0013 4024 E*Trade Center - 0103","","","","","","","https://careers.etrade.com/OA_HTML/OA.jsp?page=/oracle/apps/irc/candidateSelfService/webui/VisVacDispPG&OAHP=IRC_EXT_SITE_VISITOR_APPL&OASF=IRC_VIS_VAC_DISPLAY&akRegionApplicationId=821&transactionid=928581420&retainAM=N&addBreadCrumb=RP&p_svid=34025&p_spid=326565&oapc=412&oas=q4y-9rRAOIZf6C-HUF8OHg.."